id,name,category,shortDescription,longDescription,address,latitude,longitude,openingHours,priceRange,averageRating,isPartner,imageUrls,highlights
f179bc95-a027-51ff-ad00-b0465d4da467,Farol do Cabo Branco,Cultura,Farol triangular que marca o extremo oriental das Américas.,"Farol construído em 1972 sobre falésias na praia de Cabo Branco, símbolo de João Pessoa 'onde o sol nasce primeiro', com vista panorâmica da orla e da Ponta do Seixas.","Avenida Cabo Branco, s/n – Cabo Branco, João Pessoa – PB",-7.148774,-34.796607,"Diariamente, 06:00 - 19:00",1,4.6,False,https://upload.wikimedia.org/wikipedia/commons/e/eb/Joao_Pessoa_Paraiba_Farol_do_Cabo_Branco2.jpg|https://upload.wikimedia.org/wikipedia/commons/c/c9/Farol_Cabo_Branco_Jampa.jpg,Extremo oriental das Américas|Vista panorâmica das falésias|Acesso gratuito
bf124eb8-f59e-5b8e-b731-726df87325fe,Praia de Tambaú,Praia,A praia urbana mais famosa e movimentada de João Pessoa.,"Praia urbana com mar calmo e esverdeado, repleta de quiosques, hotéis, restaurantes e ponto de partida para os barcos que visitam as piscinas naturais de Picãozinho.","Av. Almirante Tamandaré - Tambaú, João Pessoa - PB",-7.11527,-34.821297,24h (Espaço Público),2,4.7,False,https://upload.wikimedia.org/wikipedia/commons/2/27/Praia_de_Tambau_-_Joao_Pessoa_-_Paraiba.jpg|https://upload.wikimedia.org/wikipedia/commons/f/fb/Praia_de_Tambau.jpg,Embarques para Picãozinho|Calçadão e ciclovia ativos|Bares e quiosques à beira-mar
3a150918-39d6-5122-b1c9-e1433588b747,Centro Cultural São Francisco,Histórico,Um dos mais importantes complexos barrocos do Brasil.,"Complexo barroco fundado em 1589, composto pela Igreja de São Francisco, pelo Convento de Santo Antônio e por museus de arte sacra, ricamente decorado com painéis de azulejos portugueses e talhas douradas.","Praça São Francisco, s/n - Centro, João Pessoa - PB",-7.1128,-34.8858,"Terça a Domingo, 09:00 - 16:00",2,4.8,False,https://upload.wikimedia.org/wikipedia/commons/e/e4/JoaoPessoa_ConventoSaoFrancisco.JPG|https://upload.wikimedia.org/wikipedia/commons/6/67/Igreja_de_S%C3%A3o_Francisco%2C_Jo%C3%A3o_Pessoa%2C_PB.jpg,Arquitetura barroca do século XVIII|Painéis de azulejos portugueses|Rico acervo de arte sacra
989b484d-ed7d-5ca0-8de1-b7fbbd78ba1f,Parque Solon de Lucena,Natureza,"O cartão-postal central de João Pessoa, conhecido como Lagoa.","O Parque Sólon de Lucena, também conhecido como Parque da Lagoa, é um espaço público da cidade de João Pessoa, capital do estado brasileiro da Paraíba. Um dos principais símbolos da cidade, o parque situa-se no centro da capital paraibana e apresenta belos jardins e uma lagoa, ao centro, com um grande espelho d'água circular cercado por palmeiras-imperiais. 
Sua localização centralizada, assim com...","Parque Sólon de Lucena - Centro, João Pessoa - PB",-7.1214,-34.8789,24h (Espaço Público),1,4.4,False,https://upload.wikimedia.org/wikipedia/commons/c/cc/Lagoa_Jampa.jpg|https://upload.wikimedia.org/wikipedia/commons/3/36/Parque_Solon_de_Lucena_-_Lagoa_-_Joao_Pessoa_-_Paraiba_-_Brasil.jpg,Paisagismo de Burle Marx|Lagoa central com palmeiras imperiais|Espaço para caminhadas e lazer familiar
c9ccb7c1-3196-5360-87fa-78bcab146150,Mercado de Artesanato Paraibano,Compras,Espaço ideal para adquirir o legítimo artesanato da Paraíba.,"Mercado coberto com mais de 120 boxes que comercializam roupas de algodão colorido, rendas de bilro, objetos em couro, cerâmica, cachaças regionais e doces paraibanos.","Av. Senador Rui Carneiro, 241 - Tambauzinho, João Pessoa - PB",-7.1172,-34.8286,"Segunda a Sábado, 09:00 - 19:00; Domingo, 09:00 - 18:00",2,4.5,False,https://upload.wikimedia.org/wikipedia/commons/4/47/Mercado_de_Artesanato_Paraibano.jpg|https://upload.wikimedia.org/wikipedia/commons/3/30/Crafts_in_Jo%C3%A3o_Pessoa.jpg,Algodão colorido orgânico da Paraíba|Grande variedade de doces regionais|Fácil acesso e amplo estacionamento
f9e53706-d68f-530d-ba98-c442980a2f9a,Praia do Jacaré,Lazer,Famoso pôr do sol fluvial ao som do Bolero de Ravel.,"A praia do Jacaré é uma área turística brasileira que faz parte do corredor turístico de Cabedelo, município do estado da Paraíba, O acesso ao balneário é feito pelo km 8 da BR-230.
No livro Evolução histórica da Paraíba do Norte, há uma citação histórica do porquê do nome jacaré:

Próximo à foz [do rio Paraíba], onde o jacaré era fartamente encontrado, dormiam quietamente entrelaçadas, secularmen...","Av. Pôr do Sol, s/n - Jacaré, Cabedelo - PB",-7.0394,-34.8431,"Diariamente, 16:00 - 18:30 (Espetáculo do pôr do sol)",2,4.8,False,https://upload.wikimedia.org/wikipedia/commons/e/e7/P%C3%B4r_do_Sol_no_Jacar%C3%A9.jpg|https://upload.wikimedia.org/wikipedia/commons/4/4e/P%C3%B4r_do_sol_na_Praia_do_Jacar%C3%A9_-_Cabedelo_-_Para%C3%ADba_-_Brasil.jpg|https://upload.wikimedia.org/wikipedia/commons/4/4a/P%C3%B4r_do_sol_no_Rio_Para%C3%ADba.jpg,Apresentação de Jurandy do Sax|Feira de artesanato local na orla|Passeios de catamarã no rio
ba3ba978-dbc6-5495-a048-073f152d7d8e,Piscinas Naturais do Seixas,Natureza,Piscinas naturais de águas mornas localizadas na Ponta do Seixas.,"Formações de recifes que surgem na maré baixa em frente à Ponta do Seixas, formando piscinas de águas extremamente cristalinas ideais para a prática de snorkel.","Orla da Ponta do Seixas, João Pessoa - PB",-7.1555,-34.7889,Varia de acordo com a maré baixa (Consulte a tábua de marés),3,4.7,False,https://upload.wikimedia.org/wikipedia/commons/2/21/Piscinas_Naturais_do_Seixas.jpg|https://upload.wikimedia.org/wikipedia/commons/f/f2/Picaozinho.jpg,Ponto mais oriental das Américas|Águas cristalinas ideais para snorkel|Passeios ecológicos de catamarã
b0fa6402-eb8f-5376-b29c-4b0ddf8d9608,Estação Cabo Branco,Cultura,"Complexo de ciência, cultura e arte assinado por Oscar Niemeyer.","A Estação Cabo Branco – Ciência, Cultura e Artes, popularmente conhecida como Estação Ciência,[carece de fontes?] localizada no bairro Cabo Branco, limite com o bairro Portal do Sol, em João Pessoa, capital do estado brasileiro da Paraíba, foi projetada pelo arquiteto Oscar Niemeyer e inaugurada no dia 3 de julho de 2008 pelo ex-prefeito Ricardo Vieira Coutinho.
A Estação tem a missão de levar cul...","Av. João Cirilo da Silva, s/n - Altiplano Cabo Branco, João Pessoa - PB",-7.14765,-34.79901,"Terça a Sexta, 09:00 - 18:00; Sábados e Domingos, 10:00 - 18:00",1,4.5,False,https://upload.wikimedia.org/wikipedia/commons/4/4b/Esta%C3%A7%C3%A3o_Cabo_Branco.jpg|https://upload.wikimedia.org/wikipedia/commons/1/1d/Estacao_Cabo_Branco_2.jpg|https://upload.wikimedia.org/wikipedia/commons/f/ff/Esta%C3%A7%C3%A3o_Cabo_Branco_2011.JPG,Projeto arquitetônico de Oscar Niemeyer|Exposições científicas e artísticas|Entrada franca
b3d062d7-bf0b-5cea-87a7-bf0f196c26a7,Praia de Coqueirinho,Natureza,Uma das praias mais bonitas do Litoral Sul paraibano.,Praia de águas calmas e mornas circundada por grandes falésias coloridas e densa vegetação de coqueiros. Ideal para banho de mar e caminhadas.,"Costa do Conde, Conde - PB",-7.3206,-34.8136,24h (Espaço Público),2,4.8,False,https://upload.wikimedia.org/wikipedia/commons/0/02/Praia_de_Coqueirinho_-_Paraiba.jpg|https://upload.wikimedia.org/wikipedia/commons/e/ee/Praia_de_Coqueirinho%2C_Para%C3%ADba.jpg,Falésias coloridas deslumbrantes|Canyons naturais nas proximidades|Bons restaurantes de frutos do mar
21a27ec3-a376-5d9a-a5a7-85f4503710fb,Praia de Tambaba,Natureza,A primeira praia oficial de naturismo do Nordeste do Brasil.,"Praia famosa internacionalmente pela prática de naturismo. Divide-se em uma pequena praia com piscinas naturais onde o nudismo não é obrigatório, e na área reservada e restrita.","Costa do Conde, Conde - PB",-7.3614,-34.7961,"Diariamente, 08:00 - 17:00 (Área naturista)",2,4.6,False,https://upload.wikimedia.org/wikipedia/commons/e/eb/Tambaba_W-9167_03.jpg|https://upload.wikimedia.org/wikipedia/commons/b/b8/Praia_de_Tambaba_Conde_PB.jpg,Naturismo oficial e controlado|Paisagem exótica com falésias e rochas|Piscinas naturais mornas
85c129ef-d047-5b0c-933f-bef8154c2ff5,Ilha de Areia Vermelha,Natureza,Banco de areia avermelhado que surge apenas na maré baixa.,"Parque Estadual Marinho de Areia Vermelha, localizado a 1,5 km da costa de Cabedelo. O banco de areia surge na maré baixa cercado por piscinas naturais de águas quentes.","Costa de Cabedelo, Cabedelo - PB",-7.0119,-34.8256,Varia de acordo com a maré baixa (Consulte a tábua de marés),3,4.7,False,https://upload.wikimedia.org/wikipedia/commons/d/df/Areia_Vermelha_Cabedelo.jpg|https://upload.wikimedia.org/wikipedia/commons/f/fc/Areia_Vermelha_Cabedelo_PB.jpg,Parque Estadual Marinho preservado|Bancos de areia no meio do oceano|Águas calmas e rasas para crianças
ad43072f-d032-5e19-b58d-19ec75fb9091,Hotel Globo,Histórico,Hotel histórico transformado em museu no Centro Histórico.,Edifício histórico fundado em 1929 pelo hoteleiro Henriqueta César. Apresenta arquitetura eclética e jardins art déco com vista espetacular para o Rio Sanhauá e pôr do sol.,"Largo de São Frei Pedro Gonçalves, 7 - Varadouro, João Pessoa - PB",-7.1139,-34.8894,"Diariamente, 08:30 - 17:30",1,4.6,False,https://upload.wikimedia.org/wikipedia/commons/4/4b/Antigo_Hotel_Globo_-_Joao_Pessoa_-_Paraiba.jpg|https://upload.wikimedia.org/wikipedia/commons/6/6f/Varadouro_J_Pessoa_P_B.jpg,Mirante para o Rio Sanhauá|Pôr do sol histórico|Arquitetura eclética preservada
5dbfb4f3-6754-5fd0-a09c-f99d2723dab3,Bica (Parque Arruda Câmara),Natureza,Jardim botânico e zoológico histórico no centro da cidade.,"O Parque Zoobotânico Arruda Câmara é um jardim zoobotânico localizado em João Pessoa, Paraíba. Com área de 26,8 hectares, a reserva é tombada pelo IPHAEP (Instituto do Patrimônio Histórico e Artístico do Estado da Paraíba) desde 26 de agosto de 1980. Coberto por resquício de Mata Atlântica, o parque apresenta quinhentos animais de oitenta espécies, entre os quais elefantes, leões, araras e jacarés...","R. Eng. Walredo Rodriguez, s/n - Roger, João Pessoa - PB",-7.1219,-34.8731,"Terça a Domingo, 08:00 - 17:00",1,4.4,False,https://upload.wikimedia.org/wikipedia/commons/9/9d/Bica_Jo%C3%A3o_Pessoa.jpg|https://upload.wikimedia.org/wikipedia/commons/4/4e/Parque_Arruda_C%C3%A2mara_Bica.jpg|https://upload.wikimedia.org/wikipedia/commons/5/5c/Parque_Arruda_C%C3%A2mara_-_Bica_-_panoramio_%282%29.jpg,Fonte natural de água potável|Zoológico e refúgio animal|Área de Mata Atlântica no centro
6379829c-bd32-59c3-8660-3ae988cf1dd7,Praia do Bessa,Praia,Extensa praia urbana conhecida pelo apelido de Caribessa.,"Praia com cerca de 6 km de extensão dotada de mar calmo de águas transparentes. Protegida por barreiras de corais, abriga o famoso projeto de preservação marinha e esportes aquáticos.","Orla do Bessa, João Pessoa - PB",-7.0864,-34.8281,24h (Espaço Público),2,4.6,False,https://upload.wikimedia.org/wikipedia/commons/f/fe/Praia_do_Bessa_Joao_Pessoa.jpg|https://upload.wikimedia.org/wikipedia/commons/1/1d/Orla_de_Joao_Pessoa_vista_do_alto.jpg,Piscinas naturais do Caribessa|Prática de Caiaque e Stand-up Paddle|Quiosques de praia agradáveis
32d412af-e1e1-533e-bb84-ecda84edefa3,Feirinha de Tambaú,Compras,Feirinha tradicional noturna localizada na orla de Tambaú.,"Ponto clássico de encontro na orla onde artesãos vendem rendas, redes, camisetas, doces locais e lembranças de João Pessoa. O local conta com ampla praça de alimentação com tapiocas típicas.","Av. Almirante Tamandaré - Tambaú, João Pessoa - PB",-7.1158,-34.8239,"Diariamente, 16:00 - 23:00",2,4.5,False,https://upload.wikimedia.org/wikipedia/commons/7/7b/Feirinha_de_Tamba%C3%BA.jpg|https://upload.wikimedia.org/wikipedia/commons/c/cd/Feirinha_Tamba%C3%BA_Jampa.jpg,Tapiocas recheadas tradicionais|Artesanato autêntico e suvenires|Música ao vivo e artistas de rua
a7dd459f-e20f-578e-b55a-7fbd5680412a,Praia de Cabo Branco,Praia,Praia urbana de orla arborizada e ideal para a prática de esportes.,"Praia que faz continuação a Tambaú, caracterizada pela orla larga fechada todas as manhãs das 05h às 08h para a prática de caminhada, ciclismo e corrida dos moradores e turistas.","Av. Cabo Branco - Cabo Branco, João Pessoa - PB",-7.1294,-34.8197,24h (Espaço Público),2,4.6,False,https://upload.wikimedia.org/wikipedia/commons/9/90/Praia_de_Cabo_Branco_Joao_Pessoa.jpg|https://upload.wikimedia.org/wikipedia/commons/0/0f/P%C3%B4r_do_sol_na_praia_de_Cabo_Branco.jpg,Interdição matinal para pedestres|Ótima ciclovia à beira-mar|Visual deslumbrante das falésias ao fundo
77a49037-59f3-5248-8838-e9e34f7a462f,Casa da Pólvora,Histórico,Antigo paiol de pólvora militar da época colonial no centro histórico.,"A Casa da Pólvora e dos Armamentos, ou simplesmente Casa da Pólvora, refere-se ao único remanescente dos três depósitos históricos de pólvora e armamentos construídos na cidade de João Pessoa. Um deles ficava na rua Nova (atual rua General Osório, 21), outro no Passeio Geral (rua Rodrigues Chaves) e o terceiro era a Casa da Pólvora da ladeira de São Francisco, que é uma das primeiras ruas da cidad...","Ladeira de São Francisco - Centro, João Pessoa - PB",-7.115,-34.8881,"Segunda a Sexta, 08:00 - 17:00",1,4.5,False,https://upload.wikimedia.org/wikipedia/commons/a/aa/Casa_da_Polvora_Joao_Pessoa_PB.jpg|https://upload.wikimedia.org/wikipedia/commons/e/e4/Centro_Hist%C3%B3rico_de_Jo%C3%A3o_Pessoa.jpg|https://upload.wikimedia.org/wikipedia/commons/1/12/Casa_da_P%C3%B3lvora_%282RC_3236%29.jpg,Patrimônio Histórico Nacional (IPHAN)|Exposições artísticas rotativas|Arquitetura militar colonial em pedra de cantaria
92c69289-4c3f-5107-bab2-ba89f6f5a48b,Praia de Tabatinga,Natureza,Praia selvagem e intocada cercada por grandes falésias.,"Tabatinga é um praia brasileira, localizada no litoral do município do Conde, no estado da Paraíba. É uma praia paradisíaca, de beleza rara
, possui águas mornas, boa faixa de terra para caminhar e um visual digno de filme com a presença das falésias.
Atualmente, a praia é dividida por um maceió, em Tabatinga I e II, e essa divisão forma um coração de águas, que pode ser averiguado a partir do alt...","Costa do Conde, Conde - PB",-7.3006,-34.8156,24h (Espaço Público),2,4.7,False,https://upload.wikimedia.org/wikipedia/commons/8/80/Praia_de_Tabatinga_Conde.jpg|https://upload.wikimedia.org/wikipedia/commons/0/02/Praia_de_Coqueirinho_-_Paraiba.jpg|https://upload.wikimedia.org/wikipedia/commons/6/66/Praia_de_Tabatinga%2C_conde_paraiba_brasil.jpg,Maceió de água doce no canto da praia|Arrebatadoras falésias coloridas|Ideal para descanso e desconexão
887865c3-063c-5ff2-a787-d48867ba377c,Praia Bela,Natureza,Praia com mesas na água no encontro do Rio Mucatu com o mar.,"Praia Bela é uma praia brasileira, localizada no município de Pitimbu. faz jus ao nome e, mais do que isso: é um excelente lugar para quem busca opções de lazer, experiências gastronômicas ou, simplesmente, o descanso.
A praia mais procurada pelas pessoas que querem desfrutar de um bom banho de Rio Mucatu e degustar deliciosas iguarias sem sair d'água. Em Praia Bela o turista é servido dentro do b...","Litoral Sul, Pitimbu - PB",-7.4614,-34.8231,24h (Espaço Público),3,4.6,False,https://upload.wikimedia.org/wikipedia/commons/b/bf/Praia_Bela_Pitimbu.jpg|https://upload.wikimedia.org/wikipedia/commons/5/59/Praia_de_Pitimbu_PB.jpg|https://upload.wikimedia.org/wikipedia/commons/a/a9/Praia_Bela_01.JPG,Mesas rústicas instaladas dentro do rio|Encontro de água doce e salgada|Excelente culinária de frutos do mar
f7399052-1eca-5561-9c05-ab29b5c84db4,Mosteiro de São Bento,Histórico,Conjunto histórico barroco edificado pelos monges beneditinos.,"O Mosteiro de São Bento, localizado no centro histórico da cidade brasileira de João Pessoa, capital do estado da Paraíba, é um conjunto em estilo barroco, construído  pelos monges Beneditinos, formado pelo mosteiro e a igreja, considerado um dos mais importantes do Brasil. A construção do mosteiro data do século XVII, e da igreja, do século XVIII, sendo esta tombada pelo IPHAN (Instituto do Patri...","R. Beraldo de Oliveira, s/n - Centro, João Pessoa - PB",-7.113,-34.887,"Segunda a Sexta, 08:00 - 12:00 e 14:00 - 17:00",1,4.6,False,https://upload.wikimedia.org/wikipedia/commons/c/c4/Igreja_de_Sao_Bento_Joao_Pessoa.jpg|https://upload.wikimedia.org/wikipedia/commons/6/6f/Varadouro_J_Pessoa_P_B.jpg|https://upload.wikimedia.org/wikipedia/commons/5/59/Mosteiro_de_S%C3%A3o_Bento%2C_JPA.jpg,Concerto de música sacra em ocasiões especiais|Construção histórica do século XVI|Entrada franca
a1d35a82-f5c7-4328-9844-0b73c4ee97c2,Centro Histórico (Praça Antenor Navarro),Histórico,Conjunto de sobrados coloniais coloridos da praça histórica.,Praça central do centro histórico cercada por casarões e sobrados coloridos restaurados do final do século XIX e início do século XX. O local abriga ateliês de artistas plásticos e centros culturais.,"Praça Antenor Navarro - Centro, João Pessoa - PB",-7.1116,-34.8884,24h (Espaço Público),1,4.6,False,https://upload.wikimedia.org/wikipedia/commons/6/6f/Varadouro_J_Pessoa_P_B.jpg|https://upload.wikimedia.org/wikipedia/commons/e/e4/Centro_Hist%C3%B3rico_de_Jo%C3%A3o_Pessoa.jpg,Casario colorido do século XIX|Polo cultural e fotográfico|Próximo ao Hotel Globo
e4299b82-f5e5-4c07-b088-ff8f9cb5e483,Praia do Amor,Natureza,Famosa praia marcada pela presença da icônica pedra furada.,"Praia do Amor é uma praia brasileira, localizada no município do Conde no estado da Paraíba. É famosa por ter uma atração peculiar: a pedra furada – uma rocha vulcânica com formato semelhante ao de um coração.  –, que, segundo os moradores, garante a felicidade do casal que passar por dentro dela. Pois a Pedra Furada, guarda lembranças de rituais Indígenas ligados ao casamento. É uma praia com fal...","Praia do Amor, Conde - PB",-7.2934,-34.8083,24h (Espaço Público),1,4.5,False,https://upload.wikimedia.org/wikipedia/commons/8/8a/Praia_do_Amor_Conde_PB.jpg|https://upload.wikimedia.org/wikipedia/commons/a/ad/Praia_de_Carapibus_Conde.jpg|https://upload.wikimedia.org/wikipedia/commons/d/dc/Pedra_furada_na_praia_do_amor_na_paraiba.jpg,Pedra furada icônica|Cenário romântico|Mar calmo e falésias
c765fa89-4d6c-4b5b-9d43-09be75fb0987,Praia de Carapibus,Natureza,Praia com recifes que formam belíssimas piscinas naturais.,"Praia encantadora do Litoral Sul que conta com barreiras de corais e recifes. Na maré baixa, formam-se piscinas de águas mornas excelentes para banhos relaxantes.","Praia de Carapibus, Conde - PB",-7.2882,-34.8114,24h (Espaço Público),2,4.7,False,https://upload.wikimedia.org/wikipedia/commons/a/ad/Praia_de_Carapibus_Conde.jpg|https://upload.wikimedia.org/wikipedia/commons/8/8a/Praia_do_Amor_Conde_PB.jpg,Piscinas naturais na maré baixa|Falésias coloridas|Excelente infraestrutura de pousadas
b786fa02-cb5f-4a0b-9c76-5fa453765103,Ponta de Campina,Praia,Praia de águas mornas ideal para a prática de esportes náuticos.,"Ponta de Campina é uma praia e bairro localizado no município de Cabedelo, no estado da Paraíba, Brasil. Faz parte da região metropolitana de João Pessoa e destaca-se por suas areias douradas, mar tranquilo, e ambiente voltado para o turismo familiar.","Av. Litorânea - Ponta de Campina, Cabedelo - PB",-7.0264,-34.8291,24h (Espaço Público),2,4.6,False,https://upload.wikimedia.org/wikipedia/commons/8/86/Ponta_de_Campina_Cabedelo.jpg|https://upload.wikimedia.org/wikipedia/commons/8/87/Praia_de_Intermares_Cabedelo.jpg,Águas calmas e mornas|Ideal para prática de Windsurf e Caiaque|Vista para Areia Vermelha
d879ba22-e2ff-44e2-897b-cf128a38b1d4,Praia de Intermares,Praia,Famosa praia de surfe e preservação de tartarugas marinhas.,"Conhecida como a praia do surfe na Grande João Pessoa, apresenta mar com ondas fortes e constantes. Também abriga o projeto de preservação ambiental e desova de tartarugas marinhas.","Orla de Intermares, Cabedelo - PB",-7.0628,-34.8267,24h (Espaço Público),2,4.5,False,https://upload.wikimedia.org/wikipedia/commons/8/87/Praia_de_Intermares_Cabedelo.jpg|https://upload.wikimedia.org/wikipedia/commons/8/86/Ponta_de_Campina_Cabedelo.jpg,Point do surf na Paraíba|Área de proteção das tartarugas marinhas|Calçadão para caminhadas
e89b4a22-fd32-498b-bc11-a89c372a8123,Jardim Botânico Benjamin Maranhão,Natureza,Uma das maiores florestas urbanas de Mata Atlântica sobre dunas.,"Reserva de Mata Atlântica que funciona como importante pulmão verde e centro de preservação ecológica urbana, oferecendo caminhadas guiadas pelas trilhas ecológicas nativas.","Av. Dom Pedro II, s/n - Torre, João Pessoa - PB",-7.1378,-34.8569,"Terça a Sábado, 08:00 - 16:30",1,4.5,False,https://upload.wikimedia.org/wikipedia/commons/0/02/Jardim_Botanico_Benjamin_Maranhao.jpg|https://upload.wikimedia.org/wikipedia/commons/c/cc/Lagoa_Jampa.jpg,Maior floresta urbana sobre dunas|Trilhas ecológicas guiadas|Entrada franca
d09b2a76-cb32-4786-bb21-39a2b8e39f72,Planetário do Espaço Cultural,Cultura,Planetário digital no Espaço Cultural José Lins do Rêgo.,"Planetário digital instalado no Espaço Cultural, que conta com cúpula de projeção moderna para simulações astronômicas tridimensionais do céu e exibições educativas.","R. Abdias Gomes de Almeida, 800 - Tambauzinho, João Pessoa - PB",-7.1239,-34.8428,"Quinta e Domingo, sessões às 16:00 e 18:00",2,4.7,False,https://upload.wikimedia.org/wikipedia/commons/f/fb/Espa%C3%A7o_Cultural_Jos%C3%A9_Lins_do_Rego.jpg|https://upload.wikimedia.org/wikipedia/commons/1/1d/Estacao_Cabo_Branco_2.jpg,Projeção digital moderna da abóbada|Sessões educativas sobre astronomia|Preço acessível
c89bfa22-ab32-4ef8-bc23-a892df3b4aa2,Restaurante Mangai,Gastronomia,Famoso restaurante típico de culinária nordestina regional.,"Uma das mais célebres referências gastronômicas do Nordeste, o Mangai serve um banquete completo com pratos tradicionais como carne de sol, baião de dois, queijo coalho e cuscuz, em um ambiente temático sertanejo.","Av. General Edson Ramalho, 696 - Manaíra, João Pessoa - PB",-7.1008,-34.8288,"Diariamente, 11:30 - 22:00",3,4.8,True,https://upload.wikimedia.org/wikipedia/commons/8/8e/Carne_de_sol_com_macaxeira.jpg|https://upload.wikimedia.org/wikipedia/commons/f/fb/Bai%C3%A3o_de_dois_e_carne_de_sol.jpg,Referência nacional em culinária nordestina|Ambiente temático sertanejo|Grande variedade de pratos típicos
f89bfa33-cb32-47ef-bc78-a89c2df39a33,Bar do Cuscuz,Gastronomia,Icônico bar e restaurante regional localizado à beira-mar.,"Localizado na badalada orla do Cabo Branco, o restaurante é muito procurado pela variedade de pratos à base de cuscuz recheado, chopps artesanais gelados e porções de petiscos regionais nordestinos.","Av. Cabo Branco, 3056 - Cabo Branco, João Pessoa - PB",-7.1245,-34.8189,"Diariamente, 11:00 - 01:00",3,4.7,True,https://upload.wikimedia.org/wikipedia/commons/8/82/Cuscuz_nordestino_com_ovo.jpg|https://upload.wikimedia.org/wikipedia/commons/9/91/Cuscuz_nordestino_com_manteiga.jpg,Orla de Cabo Branco|Famoso cuscuz recheado e chopp gelado|Música ao vivo e esportes
e0fa6402-cb32-4e8c-bb76-4b0ddf876322,Skybar Tour Geneve,Lazer,O mirante e bar mais alto do Nordeste brasileiro.,"Localizado no topo do edifício Tour Geneve no Altiplano, o Skybar oferece uma inigualável vista aérea panorâmica de 360 graus de João Pessoa, servindo drinks exclusivos ao som de Djs e bandas locais.","R. Maria das Dores Souza, 81 - Altiplano, João Pessoa - PB",-7.1352,-34.8055,"Quarta a Segunda, 17:00 - 00:00",3,4.6,False,https://upload.wikimedia.org/wikipedia/commons/1/1d/Orla_de_Joao_Pessoa_vista_do_alto.jpg|https://upload.wikimedia.org/wikipedia/commons/9/90/Praia_de_Cabo_Branco_Joao_Pessoa.jpg,O bar mais alto do Nordeste|Vista panorâmica 360 graus|Bons drinks e música ao vivo
b789ca22-ab32-4d78-bc88-a89c2df3ab99,Mercado Público de Mangabeira,Compras,Espaço pulsante de compras e cultura popular local.,"Importante centro de comércio tradicional do populoso bairro de Mangabeira, repleto de lojas de temperos nordestinos, artesanato regional, peixarias e boxes que servem comida regional.","R. Josefa Taveira - Mangabeira, João Pessoa - PB",-7.1611,-34.8322,"Diariamente, 06:00 - 18:00",1,4.2,False,https://upload.wikimedia.org/wikipedia/commons/0/07/Mercado_p%C3%BAblico_de_produtos.jpg|https://upload.wikimedia.org/wikipedia/commons/3/30/Crafts_in_Jo%C3%A3o_Pessoa.jpg,Comércio popular pulsante|Culinária local autêntica|Artesanato e temperos regionais
c0fa7602-cb32-4f8c-bb66-4b0ddf8d6722,Largo de São Frei Pedro Gonçalves,Histórico,Praça colonial preservada no coração do Varadouro.,"Praça no Centro Histórico cercada por importantes casarões do período colonial e imperial brasileiro, abrigando a antiga Igreja de São Frei Pedro Gonçalves do século XVII.","Largo de São Frei Pedro Gonçalves - Varadouro, João Pessoa - PB",-7.1132,-34.8901,24h (Espaço Público),1,4.6,False,https://upload.wikimedia.org/wikipedia/commons/2/23/Largo_Frei_Pedro_Goncalves.jpg|https://upload.wikimedia.org/wikipedia/commons/6/6f/Varadouro_J_Pessoa_P_B.jpg,Igreja colonial histórica|Casarões coloniais coloridos|Vista do estuário do Sanhauá
d89bfa22-cb32-4786-bb21-39a2b8e39f99,Catedral Metropolitana de Nossa Senhora das Neves,Histórico,A histórica igreja matriz dedicada à padroeira da cidade.,"Fundada originalmente no final do século XVI (1586), a Catedral Metropolitana de Nossa Senhora das Neves localiza-se no topo da colina do Centro Histórico, sendo a sede da Arquidiocese da Paraíba.","Praça Dom Ulrico - Centro, João Pessoa - PB",-7.1167,-34.8841,"Terça a Domingo, 08:00 - 18:00",1,4.7,False,https://upload.wikimedia.org/wikipedia/commons/d/d1/Catedral_Nossa_Senhora_das_Neves.jpg|https://upload.wikimedia.org/wikipedia/commons/e/e4/Centro_Hist%C3%B3rico_de_Jo%C3%A3o_Pessoa.jpg,Sede da Arquidiocese da Paraíba|Estilo arquitetônico eclético|Interior ricamente decorado
e0fa6402-cb32-4ef8-bb76-4b0ddf876355,Praia de Barra de Gramame,Natureza,Cenário rústico onde o Rio Gramame encontra o mar.,"Bela praia localizada no limite entre João Pessoa e Conde, célebre pela barra que une as águas do Rio Gramame com o oceano Atlântico. Na maré baixa, formam-se bancos de areia e mangues exuberantes.","Barra de Gramame, João Pessoa - PB",-7.2472,-34.8089,24h (Espaço Público),1,4.6,False,https://upload.wikimedia.org/wikipedia/commons/4/4e/Barra_de_Gramame_Jampa.jpg|https://upload.wikimedia.org/wikipedia/commons/0/0f/P%C3%B4r_do_sol_na_praia_de_Cabo_Branco.jpg,Encontro de rio e mar|Água doce morna na maré baixa|Passeios de caiaque e jangadas
f89bfa22-ab32-4d78-bc88-a89c2df3ab77,Ladeira da Borborema,Histórico,Uma das mais antigas vias históricas de acesso da cidade.,Importante ladeira do centro histórico de João Pessoa que servia originalmente como ligação pavimentada entre a cidade baixa (Varadouro/Porto) e a cidade alta (Centro Administrativo/Religioso).,"Ladeira da Borborema - Centro, João Pessoa - PB",-7.1145,-34.8864,24h (Espaço Público),1,4.4,False,https://upload.wikimedia.org/wikipedia/commons/2/24/Ladeira_da_Borborema_Joao_Pessoa.jpg|https://upload.wikimedia.org/wikipedia/commons/e/e4/Centro_Hist%C3%B3rico_de_Jo%C3%A3o_Pessoa.jpg,Uma das primeiras vias públicas|Ligação histórica cidade alta e baixa|Margeada por casarios antigos
a0fa6402-cb32-4f8c-bb76-4b0ddf8d6755,Igreja de Nossa Senhora do Carmo,Histórico,Belo conjunto histórico carmelita do século XVI.,"Igreja de Nossa Senhora do Carmo, Igreja do Carmo ou Igreja da Ordem Terceira do Carmo pode referir-se a:","Praça Dom Adauto - Centro, João Pessoa - PB",-7.1158,-34.8839,"Segunda a Sexta, 08:00 - 12:00 e 14:00 - 17:00",1,4.6,False,https://upload.wikimedia.org/wikipedia/commons/1/1e/Igreja_do_Carmo_Joao_Pessoa.jpg|https://upload.wikimedia.org/wikipedia/commons/d/d1/Catedral_Nossa_Senhora_das_Neves.jpg,Fachada entalhada em calcário|Conjunto carmelita do século XVI|Valioso acervo histórico
b89bfa22-ab32-4786-bb21-39a2b8e39f77,Igreja da Misericórdia,Histórico,Considerada o templo religioso católico mais antigo do estado.,"Igreja da Misericórdia pode referir-se a:

Em Portugal
Igreja da Misericórdia (Angra do Heroísmo)
Igreja da Misericórdia (Caminha)
Igreja da Misericórdia (Faro)
Igreja da Misericórdia (Ferreira do Alentejo)
Igreja da Misericórdia (Leiria)
Igreja da Misericórdia (Melgaço)
Igreja da Misericórdia (Portalegre)
Igreja da Misericórdia (Praia)
Igreja da Misericórdia (Santa Cruz)
Igreja da Misericórdia (T...","R. Duque de Caxias - Centro, João Pessoa - PB",-7.1147,-34.8851,"Segunda a Sexta, 08:00 - 12:00",1,4.5,False,https://upload.wikimedia.org/wikipedia/commons/c/cd/Igreja_da_Misericordia_Joao_Pessoa.jpg|https://upload.wikimedia.org/wikipedia/commons/e/e4/Centro_Hist%C3%B3rico_de_Jo%C3%A3o_Pessoa.jpg,Templo católico mais antigo do estado|Interior em talha dourada e madeira|Ligada à história da Santa Casa
f18199fc-e165-573c-98b7-af8c5f274318,Praia de Manaíra,Praia,Praia urbana de águas tranquilas e arborizada com coqueirais.,"Localizada no bairro nobre de Manaíra, possui ciclovia ativa e quiosques. Seu mar é calmo devido a arrecifes, sendo muito propício para caminhadas à beira-mar e banhos relaxantes.","Av. João Maurício – Manaíra, João Pessoa - PB",-7.0988,-34.8267,24h (Espaço Público),1,4.3,False,https://upload.wikimedia.org/wikipedia/commons/f/fe/Praia_de_Manaira_Joao_Pessoa.jpg|https://upload.wikimedia.org/wikipedia/commons/2/27/Praia_de_Tambau_-_Joao_Pessoa_-_Paraiba.jpg,Quiosques agradáveis|Arrecifes protetores|Orla arborizada
64b00d74-30b0-5026-9c47-327a49d2120c,Praia do Seixas,Praia,Praia tranquila que abriga o ponto mais oriental das Américas.,"Seixas é uma praia brasileira localizada em João Pessoa, estado da Paraíba. Faz limite com a praia da Penha ao sul e praia do Cabo Branco ao norte.","Ponta do Seixas, João Pessoa - PB",-7.1481,-34.7931,24h (Espaço Público),2,4.5,False,https://upload.wikimedia.org/wikipedia/commons/d/d1/Ponta_do_Seixas_Jamp.jpg|https://upload.wikimedia.org/wikipedia/commons/2/21/Piscinas_Naturais_do_Seixas.jpg|https://upload.wikimedia.org/wikipedia/commons/a/a8/Joao_Pessoa-PB_Praia_Ponta_do_Seixas.jpg,Proximidade do Farol|Barreiras de recifes|Restaurantes pé na areia
ee266abe-9542-579b-ae30-33e8e6726055,Praia da Penha,Praia,Praia tradicional com forte colônia de pescadores e santuário.,"Da Penha é uma praia brasileira localiza-se em João Pessoa, capital do estado da Paraíba. Tem como limites o rio do Cabelo, ao norte, e o riacho de Jacarapé, ao sul.
Nela está situada a Capela de Nossa Senhora da Penha (João Pessoa), que detém um dos maiores acervos de objetos deixados por romeiros na Paraíba, destacando-se também pelas comemorações tradicionais da padroeira local, a Virgem da Pen...","Penha, João Pessoa - PB",-7.1664,-34.7925,24h (Espaço Público),1,4.4,False,https://upload.wikimedia.org/wikipedia/commons/b/bd/Praia_da_Penha_Joao_Pessoa.jpg|https://upload.wikimedia.org/wikipedia/commons/4/4e/Capela_da_Penha_Joao_Pessoa_PB.jpg|https://upload.wikimedia.org/wikipedia/commons/e/ea/Vista_Panor%C3%A2mica_da_Praia_da_Penha%2C_em_Jo%C3%A3o_Pessoa%2C_na_Para%C3%ADba.jpg,Colônia de pescadores|Santuário histórico|Mar calmo e raso
f0d7724d-d653-5d96-ad3a-30f0951187fe,Praia de Jacarapé,Praia,"Praia selvagem e rústica, cercada por mata atlântica preservada.","Praia deserta e de águas calmas, excelente para o descanso. É cortada pelo Rio Jacarapé e faz limite com o Polo Turístico Cabo Branco.","Jacarapé, João Pessoa - PB",-7.1936,-34.8011,24h (Espaço Público),1,4.2,False,https://upload.wikimedia.org/wikipedia/commons/8/8c/Praia_de_Jacarap%C3%A9_Jo%C3%A3o_Pessoa.jpg|https://upload.wikimedia.org/wikipedia/commons/b/bd/Praia_da_Penha_Joao_Pessoa.jpg,Encontro de rio e mar|Cenário nativo intocado|Tranquilidade absoluta
504ae573-b942-5ddc-baaa-a4f6faa6b98f,Praia do Sol,Praia,Praia tranquila do litoral sul de João Pessoa com falésias.,"Praia do Sol pode referir-se a:

Praia do Sol (Barra Velha) - praia brasileira no estado de Santa Catarina
Praia do Sol (Guarapari) - praia brasileira no estado do Espírito Santo
Praia do Sol (João Pessoa) - praia brasileira no estado da Paraíba
Praia do Sol (Laguna) - praia brasileira no estado de Santa Catarina
Praia do Sol (Minaçu) - praia fluvial brasileira no estado de Goiás
Praia do Sol (Sau...","Litoral Sul, João Pessoa - PB",-7.2183,-34.8033,24h (Espaço Público),1,4.3,False,https://upload.wikimedia.org/wikipedia/commons/c/cb/Praia_do_Sol_Paraiba.jpg|https://upload.wikimedia.org/wikipedia/commons/b/bd/Praia_da_Penha_Joao_Pessoa.jpg,Banho de água doce|Falésias coloridas|Restaurantes caseiros
e504e31b-813c-53b6-af58-01e5b4e70f01,Praia de Camboinha,Praia,"Praia de águas calmas e azuis em Cabedelo, refúgio de veraneio.","Camboinha é uma praia brasileira do município de Cabedelo, estado da Paraíba. Tem cerca de 3km de extensão de costa e divide-se em Camboinha I, II e III. A praia se localiza bem no centro–leste do município de Cabedelo, logo ao norte da praia do Poço, e o acesso é feito através da estrada de Cabedelo. É um dos bairros mais verticalizados de Cabedelo, apresentando muitos prédios de luxo. Muito freq...","Camboinha, Cabedelo - PB",-7.0094,-34.8322,24h (Espaço Público),2,4.7,False,https://upload.wikimedia.org/wikipedia/commons/6/69/Praia_de_Camboinha_Cabedelo.jpg|https://upload.wikimedia.org/wikipedia/commons/d/df/Areia_Vermelha_Cabedelo.jpg|https://upload.wikimedia.org/wikipedia/commons/5/5e/Praia_de_Camboinha_-_Cabedelo_%28PB%29.jpg,Saída para Areia Vermelha|Águas azuis calmas|Prática de esportes náuticos
174b21cf-1ead-51f2-b115-652c59e98a8d,Praia do Poço,Praia,Praia residencial e charmosa com coqueirais e águas quentes.,"Poço é uma praia do município de Cabedelo, estado brasileiro da Paraíba. Localiza-se a menos de 20 quilômetros do Centro de João Pessoa, capital do estado, e é vizinha à praia de Intermares. A praia é uma das preferidas pelas famílias da capital para temporada de veraneio. Até a década de 70 havia uma colônia de pescadores jangadeiros, grupos de conquistas e cantadores de roda.","Poço, Cabedelo - PB",-7.0189,-34.8311,24h (Espaço Público),2,4.6,False,https://upload.wikimedia.org/wikipedia/commons/0/0c/Praia_do_Poco_Cabedelo.jpg|https://upload.wikimedia.org/wikipedia/commons/8/86/Ponta_de_Campina_Cabedelo.jpg,Coqueirais belíssimos|Ótima para banho|Prática de windsurf
c95ca0f6-d205-5e5c-b5de-52b68ff0aed6,Praia de Areia Dourada,Praia,Pequena e reservada enseada de Cabedelo com águas mansas.,Praia de águas mornas e mansas com fina areia dourada. É muito frequentada por moradores locais e banhistas que buscam tranquilidade fora das áreas de grande fluxo turístico.,"Camboinha, Cabedelo - PB",-7.0011,-34.8328,24h (Espaço Público),1,4.5,False,https://upload.wikimedia.org/wikipedia/commons/6/69/Praia_de_Camboinha_Cabedelo.jpg|https://upload.wikimedia.org/wikipedia/commons/8/86/Ponta_de_Campina_Cabedelo.jpg,Areia fina e dourada|Ambiente muito calmo|Segura para crianças
1b111246-952c-58f6-88d0-260c53c69784,Praia Formosa,Praia,Praia de águas mansas e mornas no início da península de Cabedelo.,"Praia Formosa pode referir-se a:

Praia Formosa (Santa Maria) — praia nos Açores
Praia Formosa (Funchal) — praia na ilha da Madeira","Formosa, Cabedelo - PB",-6.9744,-34.8356,24h (Espaço Público),1,4.4,False,https://upload.wikimedia.org/wikipedia/commons/5/5f/Praia_Formosa_Cabedelo_PB.jpg|https://upload.wikimedia.org/wikipedia/commons/8/86/Ponta_de_Campina_Cabedelo.jpg,Mar de águas mornas|Orla residencial tranquila|Extensa faixa de areia
e64e4694-0957-56c6-b353-ee90686811bd,Praia de Miramar,Praia,Praia de foz do estuário com visual de navios e pôr do sol.,"A praia de Miramar localiza-se na freguesia de Arcozelo, concelho de Vila Nova de Gaia, distrito do Porto, em Portugal.
Apresenta um clima de tipo ""temperado marítimo"" ou ""oceânico"" cujos ventos, vindos do oeste, são húmidos e frios.
Próximo de um dos campos de golfe mais antigos de Portugal, envolvida por habitações de caráter luxuoso, a concorrida Praia de Miramar encontra-se inserida numa vasta...","Miramar, Cabedelo - PB",-6.9631,-34.8411,24h (Espaço Público),1,4.3,False,https://upload.wikimedia.org/wikipedia/commons/5/5f/Praia_Formosa_Cabedelo_PB.jpg|https://upload.wikimedia.org/wikipedia/commons/0/0c/Praia_do_Poco_Cabedelo.jpg|https://upload.wikimedia.org/wikipedia/commons/d/df/Praia_de_Miramar_Portugal_01.jpg,Vista de navios cargueiros|Encontro de rio e mar|Pôr do sol panorâmico
0b8cb0f2-1515-5017-b5ac-e6ab4a8796a5,Praia de Jacumã,Praia,"Praia urbana central do Conde, polo de comércio e carnaval.","A praia mais urbanizada do município do Conde, com calçadão, farmácias, supermercados e restaurantes. Apresenta mar com ondas médias e águas mornas.","Jacumã, Conde - PB",-7.2831,-34.8144,24h (Espaço Público),2,4.5,False,https://upload.wikimedia.org/wikipedia/commons/5/52/Praia_de_Jacuma_Conde.jpg|https://upload.wikimedia.org/wikipedia/commons/8/8a/Praia_do_Amor_Conde_PB.jpg,Centro comercial do Conde|Calçadão estruturado|Festividades e eventos locais
6a199766-6ef6-5f9f-b55a-3f2c07c1e514,Praia de Barra de Graú,Praia,Praia selvagem e foz de rio com vegetação nativa no Conde.,"Praia deserta e rústica com acesso por trilhas ou estrada de terra. Apresenta encontro espetacular do Rio Graú com o mar, cercado por manguezais preservados.","Barra de Graú, Conde - PB",-7.3822,-34.7989,24h (Espaço Público),1,4.4,False,https://upload.wikimedia.org/wikipedia/commons/9/9f/Praia_de_Barra_do_grau_paraiba.jpg|https://upload.wikimedia.org/wikipedia/commons/5/59/Praia_de_Pitimbu_PB.jpg,Encontro de rio e mar selvagem|Acesso rústico aventureiro|Manguezal preservado
79771289-8299-5a4b-bee8-7e1dc1a0fafa,Praia de Pitimbu,Praia,Praia urbana central de Pitimbu com barcos e arrecifes.,"Praia central do município vizinho de Pitimbu. Caracteriza-se pelas águas extremamente calmas e rasas protegidas por barreiras de arrecifes, repletas de barcos de pescadores ancorados.","Centro, Pitimbu - PB",-7.4711,-34.8189,24h (Espaço Público),2,4.5,False,https://upload.wikimedia.org/wikipedia/commons/5/59/Praia_de_Pitimbu_PB.jpg|https://upload.wikimedia.org/wikipedia/commons/b/bf/Praia_Bela_Pitimbu.jpg,Águas calmas de arrecifes|Colônia de pescadores ativa|Restaurantes de frutos do mar
62b379e2-eb1c-59f0-a7c4-cd74859acb44,Praia de Lucena,Praia,Extensa praia do litoral norte famosa pelo banho de mar calmo.,"Praia localizada no Litoral Norte da Grande João Pessoa. Apresenta mar calmo e raso, recuando centenas de metros na maré baixa. É cercada por grandes coqueirais e casas de veraneio.","Orla de Lucena, Lucena - PB",-6.9011,-34.8489,24h (Espaço Público),1,4.5,False,https://upload.wikimedia.org/wikipedia/commons/a/a2/Praia_de_Lucena_PB.jpg|https://upload.wikimedia.org/wikipedia/commons/9/97/Capela_de_Nossa_Senhora_da_Guia_%281RC_7922%29.jpg,Recuo massivo da maré|Águas quentes e calmas|Cercada por grandes coqueirais
b138b362-11a8-504d-a1b7-bb49fa06c3c0,Praia de Ponta de Lucena,Praia,Extremo da península de Lucena com visual dos navios na foz.,"Praia rústica localizada no bico da península de Lucena, de frente para a foz do Rio Paraíba. Permite avistar o porto e os navios, além de contar com mar de águas mansas.","Ponta de Lucena, Lucena - PB",-6.8833,-34.8411,24h (Espaço Público),1,4.4,False,https://upload.wikimedia.org/wikipedia/commons/a/a2/Praia_de_Lucena_PB.jpg|https://upload.wikimedia.org/wikipedia/commons/9/97/Capela_de_Nossa_Senhora_da_Guia_%281RC_7922%29.jpg,Ponta de areia da península|Foz do Rio Paraíba|Cenário intocado
f6db3029-6253-510e-be57-a1f163debfef,Praia de Camaçari,Praia,Praia residencial e de águas calmas no município de Lucena.,"Localizada em Lucena, Camaçari é uma enseada tranquila de águas mornas e mansas protegida por arrecifes de corais, muito propícia para banho de mar em família.","Camaçari, Lucena - PB",-6.9211,-34.8511,24h (Espaço Público),1,4.3,False,https://upload.wikimedia.org/wikipedia/commons/a/a2/Praia_de_Lucena_PB.jpg|https://upload.wikimedia.org/wikipedia/commons/9/97/Capela_de_Nossa_Senhora_da_Guia_%281RC_7922%29.jpg,Enseada de águas mornas|Barreiras de arrecifes|Veraneio tranquilo
74547c23-12fd-5c72-aaed-be6c77e3ab89,Igreja de Nossa Senhora da Guia,Histórico,Histórico santuário colonial barroco localizado em Lucena.,Igreja de Nossa Senhora da Guia pode referir-se a:,"Acesso via PB-025, Lucena - PB",-6.8922,-34.8711,"Sábados e Domingos, 08:00 - 17:00",1,4.7,False,https://upload.wikimedia.org/wikipedia/commons/9/97/Capela_de_Nossa_Senhora_da_Guia_%281RC_7922%29.jpg|https://upload.wikimedia.org/wikipedia/commons/a/a2/Praia_de_Lucena_PB.jpg,Fundado em 1591 pelos Carmelitas|Pedra calcária esculpida|Patrimônio histórico nacional
309daa39-e883-546b-a59e-2cf87f81efad,Forte de Santa Catarina,Histórico,Forte militar de defesa colonial datado do final do século XVI.,"O Forte de Santa Catarina localiza-se na freguesia de Buarcos, na cidade e município de Figueira da Foz, distrito de Coimbra, em Portugal.
Cooperava com a Fortaleza de Buarcos e o Fortim de Palheiros na defesa do porto e da baía da Figueira da Foz e de Buarcos.
No seu interior funcionou o Farol de Santa Catarina. O conjunto encontra-se classificado como Imóvel de Interesse Público, pelo Decreto 44...","R. Forte de Santa Catarina, s/n - Centro, Cabedelo - PB",-6.9658,-34.8419,"Diariamente, 08:00 - 17:00",2,4.8,False,https://upload.wikimedia.org/wikipedia/commons/8/85/Interior_do_Forte_Cabedelo_-_Jo%C3%A3o_Pessoa.jpg|https://upload.wikimedia.org/wikipedia/commons/f/fb/Fortaleza_de_Santa_Catarina_Cabedelo_PB.jpg|https://upload.wikimedia.org/wikipedia/commons/6/6c/P1080238_Castelo_de_Santa_Catarina_%28Figueira_da_Foz%29.jpg,Canhões coloniais originais|Capela barroca de Santa Catarina|Vista do estuário do rio
81fbe404-5d92-5a37-a589-79b799c1140d,Santuário de Nossa Senhora da Penha,Histórico,Ponto central da maior manifestação religiosa da Paraíba.,Fundado em 1763 por ordem do português Sílvio Siqueira após sobreviver a uma tempestade no mar. O santuário histórico atrai anualmente mais de 300 mil fiéis na Romaria da Penha.,"Praça da Penha, s/n - Penha, João Pessoa - PB",-7.1656,-34.7944,"Diariamente, 08:00 - 18:00",1,4.7,False,https://upload.wikimedia.org/wikipedia/commons/4/4e/Capela_da_Penha_Joao_Pessoa_PB.jpg|https://upload.wikimedia.org/wikipedia/commons/b/bd/Praia_da_Penha_Joao_Pessoa.jpg,Fundado em 1763|Destino da Romaria da Penha|Vista para a praia da Penha
875c193a-8306-55c0-95b8-017822749c62,Praça João Pessoa,Histórico,Praça central que concentra a sede dos poderes estaduais.,"A Praça Presidente João Pessoa, popularmente conhecida como Praça João Pessoa, localiza-se no centro histórico da cidade brasileira de João Pessoa, capital do estado da Paraíba. É também conhecida também como a Praça dos Três Poderes, por estarem ao seu redor as sedes dos poderes executivo (Palácio da Redenção), legislativo (Assembleia Legislativa da Paraíba) e judiciário (Tribunal de Justiça da P...","Praça João Pessoa - Centro, João Pessoa - PB",-7.1189,-34.8833,24h (Espaço Público),1,4.5,False,https://upload.wikimedia.org/wikipedia/commons/1/19/Praca_Joao_Pessoa.jpg|https://upload.wikimedia.org/wikipedia/commons/4/4c/Palacio_da_Redencao_Joao_Pessoa.jpg|https://upload.wikimedia.org/wikipedia/commons/d/d7/Pra%C3%A7a_Presidente_Jo%C3%A3o_Pessoa%2C_Jo%C3%A3o_Pessoa_%28PB%29.jpg,Sede dos Três Poderes|Monumento a João Pessoa|Arquitetura monumental antiga
64b6afc2-b4a3-543e-859e-b99c830c1f32,Praça Pedro Américo,Histórico,Histórica praça que abriga o Teatro Santa Roza no Centro.,Praça arborizada batizada em homenagem ao célebre pintor paraibano Pedro Américo. É cercada por casarões antigos e de frente para a fachada do centenário Teatro Santa Roza.,"Praça Pedro Américo - Centro, João Pessoa - PB",-7.1172,-34.8872,24h (Espaço Público),1,4.4,False,https://upload.wikimedia.org/wikipedia/commons/4/4d/Praca_Pedro_Americo_Joao_Pessoa.jpg|https://upload.wikimedia.org/wikipedia/commons/e/e1/Teatro_Santa_Roza.jpg,Busto de Pedro Américo|Próxima ao Teatro Santa Roza|Casarios coloniais no entorno
c27a2173-45e9-5fce-929f-94e4586e43b8,Praça Venâncio Neiva,Histórico,Praça do Centro também conhecida como Praça do Pavilhão do Chá.,"A Praça Venâncio Neiva é um logradouro público da cidade de João Pessoa, capital do estado brasileiro da Paraíba. Construída pelo governador Francisco Camilo de Holanda em 1917, foi inaugurada às 17 horas do dia 21 de julho do mesmo ano. Situa-se ao lado do atual Palácio da Redenção.
Originalmente foi destinada à prática da patinação, e era lá que um grande número de pessoas dedicava as tardes dos...","Praça Venâncio Neiva - Centro, João Pessoa - PB",-7.1186,-34.8844,24h (Espaço Público),1,4.5,False,https://upload.wikimedia.org/wikipedia/commons/e/ec/Praca_Venancio_Neiva.jpg|https://upload.wikimedia.org/wikipedia/commons/4/4c/Palacio_da_Redencao_Joao_Pessoa.jpg|https://upload.wikimedia.org/wikipedia/commons/4/43/Pavilh%C3%A3o_do_Ch%C3%A1_-_Pra%C3%A7a_Ven%C3%A2ncio_Neiva_-_panoramio.jpg,Pavilhão do Chá art déco|Jardins centrais elegantes|Coreto histórico restaurado
11f68305-28de-5377-bb4b-874cbad52317,Praça da Independência,Histórico,Praça cívica de João Pessoa inaugurada na década de 1920.,"Praça da Independência pode referir-se a:
 Brasil

Praça da Independência (João Pessoa)
Praça da Independência (Recife)
Praça da Independência (Santos)
 Malásia

Praça da Independência (Kuala Lumpur)
 Ucrânia

Praça da Independência (Kiev)","Praça da Independência - Tambiá, João Pessoa - PB",-7.1264,-34.8694,24h (Espaço Público),1,4.6,False,https://upload.wikimedia.org/wikipedia/commons/7/75/Pra%C3%A7a_da_Independ%C3%AAncia%2C_Jo%C3%A3o_Pessoa_%28PB%29.jpg|https://upload.wikimedia.org/wikipedia/commons/c/cc/Lagoa_Jampa.jpg,Obelisco central de 1922|Traçado urbano radial|Árvores centenárias preservadas
932e7f68-9a8b-5a22-a3fe-17becd122d06,Teatro Santa Roza,Histórico,"Um dos teatros mais antigos do Brasil, fundado em 1889.","Inaugurado em 1889, o Teatro Santa Roza apresenta fachada de estilo barroco e interior ricamente decorado em madeira no estilo italiano. É um dos principais palcos de arte e história da Paraíba.","Praça Pedro Américo, s/n - Centro, João Pessoa - PB",-7.1172,-34.8869,De acordo com a programação local de espetáculos,2,4.8,False,https://upload.wikimedia.org/wikipedia/commons/e/e1/Teatro_Santa_Roza.jpg|https://upload.wikimedia.org/wikipedia/commons/4/4d/Praca_Pedro_Americo_Joao_Pessoa.jpg,Inaugurado em 1889|Teatro clássico italiano|Rico acabamento em madeira de lei
e664fa96-b3dd-569b-b999-2a086f94c2a7,Casarão dos Azulejos,Histórico,Belo exemplar de residência burguesa revestida de azulejos.,Antigo casarão da família do comendador Antônio dos Santos Coelho. Sua fachada é inteiramente revestida de raros azulejos azuis e brancos importados de Portugal no século XIX.,"R. Conselheiro Henriques, s/n - Centro, João Pessoa - PB",-7.1147,-34.8883,"Segunda a Sexta, 09:00 - 17:00",1,4.6,False,https://upload.wikimedia.org/wikipedia/commons/d/df/Casar%C3%A3o_dos_Azulejos_em_Jo%C3%A3o_Pessoa_PB.jpg|https://upload.wikimedia.org/wikipedia/commons/e/e4/Centro_Hist%C3%B3rico_de_Jo%C3%A3o_Pessoa.jpg,Fachada de azulejos portugueses|Edificação do século XIX|Galeria de exposições públicas
2932baf2-25ba-5bd5-b3b3-8bb9c4f9cfe8,Academia Paraibana de Letras,Histórico,Sede da instituição literária paraibana em casarão histórico.,"A Academia Paraibana de Letras foi fundada em 14 de setembro de 1941. Inicialmente, a APL contou com 10 cadeiras, número, depois, aumentado para 30. Em 1959, com a reforma dos estatutos criaram-se mais 10, fixando-se, oficialmente, em 40.","R. Duque de Caxias, 37 - Centro, João Pessoa - PB",-7.1156,-34.8858,"Segunda a Sexta, 13:00 - 17:00",1,4.5,False,https://upload.wikimedia.org/wikipedia/commons/a/a3/Academia_Paraibana_de_Letras.jpg|https://upload.wikimedia.org/wikipedia/commons/e/e4/Centro_Hist%C3%B3rico_de_Jo%C3%A3o_Pessoa.jpg|https://upload.wikimedia.org/wikipedia/commons/d/d8/Simbolo_da_Academia_Paraibana_de_Letras.jpg,Sede literária paraibana|Biblioteca com obras raras|Arquitetura residencial imperial
9769437e-ae2a-562e-ae3f-c6af3aab065a,Palácio da Redenção,Histórico,Sede oficial do governo do estado da Paraíba.,Edificação do século XVI (antigo convento dos jesuítas) que serve como sede administrativa do governo. Seu subsolo abriga o mausoléu com os restos mortais do presidente João Pessoa.,"Praça João Pessoa, s/n - Centro, João Pessoa - PB",-7.1186,-34.8833,Visitações sob agendamento prévio,1,4.7,False,https://upload.wikimedia.org/wikipedia/commons/4/4c/Palacio_da_Redencao_Joao_Pessoa.jpg|https://upload.wikimedia.org/wikipedia/commons/1/19/Praca_Joao_Pessoa.jpg,Sede oficial do Governo|Mausoléu de João Pessoa|Construção jesuítica do século XVI
38e7376a-a9c8-5e3e-9ff2-2ed12edad1aa,Casa do Artista Popular,Histórico,Museu de artesanato regional no centro histórico de Jampa.,"Espaço dedicado a preservar o artesanato genuíno das diversas microrregiões da Paraíba. Expõe peças de cerâmica, renda, metal e brinquedos populares.","Praça São Francisco, s/n - Centro, João Pessoa - PB",-7.1144,-34.8828,"Segunda a Sexta, 09:00 - 16:30",1,4.6,False,https://upload.wikimedia.org/wikipedia/commons/c/c8/Casa_do_Artista_Popular.jpg|https://upload.wikimedia.org/wikipedia/commons/3/30/Crafts_in_Jo%C3%A3o_Pessoa.jpg,Obras de artistas do interior paraibano|Exposição de brinquedos de madeira|Entrada franca
3ed84543-2df7-5f96-9cf7-a39e35033fe2,Museu de Arte Sacra da Paraíba,Histórico,Acervo de arte sacra no complexo de São Francisco.,"Instalado no Centro Cultural de São Francisco, o museu abriga rica coleção de imagens e paramentos religiosos, pratarias e relicários dos séculos XVII e XVIII.","Praça São Francisco - Centro, João Pessoa - PB",-7.1125,-34.8856,"Terça a Domingo, 09:00 - 16:00",2,4.7,False,https://upload.wikimedia.org/wikipedia/commons/e/e4/JoaoPessoa_ConventoSaoFrancisco.JPG|https://upload.wikimedia.org/wikipedia/commons/6/67/Igreja_de_S%C3%A3o_Francisco%2C_Jo%C3%A3o_Pessoa%2C_PB.jpg,Peças sacras dos séculos XVII e XVIII|Esculturas barrocas em madeira|Pratarias e relicários raros
8c7daf28-e24b-5441-a47c-42ed4b4d1789,Igreja de Santa Terezinha,Histórico,Charmosa igreja de frente para a orla de Tambaú.,"Ponto de referência e de manifestações religiosas localizado a poucos metros do calçadão da Praia de Tambaú, muito frequentada por moradores do bairro.","Av. Almirante Tamandaré - Tambaú, João Pessoa - PB",-7.1122,-34.8258,"Diariamente, 07:00 - 19:00",1,4.6,False,https://upload.wikimedia.org/wikipedia/commons/8/8c/Igreja_de_Santa_Teresinha_Joao_Pessoa.jpg|https://upload.wikimedia.org/wikipedia/commons/d/d1/Catedral_Nossa_Senhora_das_Neves.jpg,Localização na orla de Tambaú|Arquitetura moderna acolhedora|Missa campal tradicional
370dcf4c-cf35-5ba0-96b2-fa7af7543b64,Mirante do Dedo de Deus,Natureza,Famoso mirante sobre falésias na praia de Coqueirinho.,Mirante natural localizado no topo de altas falésias coloridas na Costa do Conde. Oferece a vista panorâmica mais espetacular da enseada e dos coqueirais de Coqueirinho.,"Costa do Conde, Conde - PB",-7.3236,-34.8114,24h (Espaço Público),1,4.9,False,https://upload.wikimedia.org/wikipedia/commons/e/eb/Mirante_Dedo_de_Deus_Conde.jpg|https://upload.wikimedia.org/wikipedia/commons/0/02/Praia_de_Coqueirinho_-_Paraiba.jpg,Vista panorâmica incrível|Topo de falésias coloridas|Acesso por trilhas ecológicas
22a79ac5-c3f9-5693-97f9-22564e6ea15e,Canyon de Coqueirinho,Natureza,Impressionante desfiladeiro de argila colorida esculpido pela chuva.,Desfiladeiro formado por imensas falésias esculpidas pela erosão pluvial. Suas paredes apresentam tonalidades variadas de argila que contrastam com a Mata Atlântica.,"Acesso via praia de Coqueirinho, Conde - PB",-7.3256,-34.8156,24h (Espaço Público),1,4.8,False,https://upload.wikimedia.org/wikipedia/commons/c/cb/Canyon_de_Coqueirinho_Conde.jpg|https://upload.wikimedia.org/wikipedia/commons/0/02/Praia_de_Coqueirinho_-_Paraiba.jpg,Argilas coloridas e raras|Caminho natural imponente|Ótimo ponto para fotografia
3ad0a163-7da5-5b2c-ad7f-996d1f6c64ae,Bosque dos Sonhos,Lazer,Parque ecológico e turístico próximo ao Farol do Cabo Branco.,"Parque de lazer ecológico repleto de quiosques de artesanato, lojas de suvenires, lanchonetes e um mirante com vista ampla para a orla de Cabo Branco e Ponta do Seixas.","Av. Cabo Branco, s/n - Cabo Branco, João Pessoa - PB",-7.1489,-34.7972,"Diariamente, 08:00 - 18:00",1,4.5,False,https://upload.wikimedia.org/wikipedia/commons/c/c9/Farol_Cabo_Branco_Jampa.jpg|https://upload.wikimedia.org/wikipedia/commons/e/eb/Joao_Pessoa_Paraiba_Farol_do_Cabo_Branco2.jpg,Mirante com vista do Cabo Branco|Lojas de suvenires e petiscos|Trilhas em meio ao bosque
db64d99a-857b-5c15-944c-396307802852,Parque das Três Ruas,Natureza,Parque linear recém-estruturado no bairro dos Bancários.,"Área verde de convivência urbana que conta com pistas de caminhada, ciclovia, playgrounds de madeira, praças e iluminação moderna, muito frequentada por moradores locais.","R. Bancário Sérgio Guerra - Bancários, João Pessoa - PB",-7.1522,-34.8389,24h (Espaço Público),1,4.6,False,https://upload.wikimedia.org/wikipedia/commons/1/1d/Orla_de_Joao_Pessoa_vista_do_alto.jpg|https://upload.wikimedia.org/wikipedia/commons/9/90/Praia_de_Cabo_Branco_Joao_Pessoa.jpg,Pista de cooper moderna|Playground infantil de madeira|Área arborizada e iluminada
4d2a1beb-86cc-55ae-975f-cc8f65a91f2f,Parque Ecológico Sanhauá,Natureza,Parque linear de preservação às margens do Rio Sanhauá.,"Área de lazer e conservação ecológica na foz do Rio Sanhauá, dotada de calçadão, mirantes de madeira para observação da avifauna e píer para barcos de passeio históricos.","Varadouro - Centro, João Pessoa - PB",-7.1089,-34.8933,24h (Espaço Público),1,4.4,False,https://upload.wikimedia.org/wikipedia/commons/6/6f/Varadouro_J_Pessoa_P_B.jpg|https://upload.wikimedia.org/wikipedia/commons/4/4b/Antigo_Hotel_Globo_-_Joao_Pessoa_-_Paraiba.jpg,Mirantes para o Rio Sanhauá|Passeios de barcos locais|Área de manguezal e mata nativa
46f2a7b4-cc36-52fe-8fdd-d55d36cd2c87,Parque Parahyba I,Natureza,Parque linear urbano no charmoso bairro do Bessa.,"Parque linear construído ao redor de lagoas naturais de drenagem do Bessa. Possui pista de cooper, ciclovia, quadras esportivas, playgrounds e arborização nativa.","Bessa, João Pessoa - PB",-7.0811,-34.8322,24h (Espaço Público),1,4.6,False,https://upload.wikimedia.org/wikipedia/commons/1/1d/Orla_de_Joao_Pessoa_vista_do_alto.jpg|https://upload.wikimedia.org/wikipedia/commons/f/fe/Praia_do_Bessa_Joao_Pessoa.jpg,Lagoas naturais preservadas|Pistas de cooper e ciclovias|Quadras de areia e grama
4c6ac709-1c00-5402-bde6-c0d0fb6daa32,Parque Parahyba II,Natureza,Segunda etapa do complexo de lazer linear do Bessa.,"Espaço urbano de convivência e lazer linear no Bessa. Reúne playgrounds infantis, academias ao ar livre, quiosques, áreas para passeio de pets e quadras de vôlei.","Bessa, João Pessoa - PB",-7.0764,-34.8336,24h (Espaço Público),1,4.5,False,https://upload.wikimedia.org/wikipedia/commons/1/1d/Orla_de_Joao_Pessoa_vista_do_alto.jpg|https://upload.wikimedia.org/wikipedia/commons/f/fe/Praia_do_Bessa_Joao_Pessoa.jpg,Playgrounds e pet places|Academia ao ar livre|Espaço verde para piqueniques
4ca3b54a-5568-59e9-a996-c20f8c988fc1,Parque Parahyba III,Natureza,Terceira etapa do parque urbano linear estendido do Bessa.,"Fase norte do Parque Parahyba que atende à região alta do Bessa. Conta com ampla pista de skate, praças contemplativas, ciclovia e iluminação moderna em LED.","Bessa, João Pessoa - PB",-7.0694,-34.8356,24h (Espaço Público),1,4.6,False,https://upload.wikimedia.org/wikipedia/commons/1/1d/Orla_de_Joao_Pessoa_vista_do_alto.jpg|https://upload.wikimedia.org/wikipedia/commons/f/fe/Praia_do_Bessa_Joao_Pessoa.jpg,Pista de skate profissional|Iluminação em LED moderna|Praça de convivência arborizada
9188b668-f792-5373-825c-92bcf8155f57,Lovina Beach Club,Lazer,Badalado beach club e restaurante de praia pé na areia em Cabedelo.,"Localizado em Ponta de Campina, Cabedelo, o Lovina combina lounges exclusivos pé na areia com bar de praia, shows nacionais nos fins de semana e culinária contemporânea.",Av. Governador Argemiro de Figueiredo - Cabedelo - PB,-7.0006,-34.8356,"Diariamente, 09:00 - 18:00 (Eventos estendem horários)",3,4.7,True,https://upload.wikimedia.org/wikipedia/commons/8/86/Ponta_de_Campina_Cabedelo.jpg|https://upload.wikimedia.org/wikipedia/commons/8/87/Praia_de_Intermares_Cabedelo.jpg,Estrutura pé na areia premium|Lounges exclusivos na praia|Shows e eventos frequentes
c271a981-d6af-5887-b538-ec6f3138a570,Restaurante Canoa dos Camarões,Gastronomia,Famoso restaurante especializado em pratos de frutos do mar.,"Restaurante tradicional da orla de Tambaú, especializado na culinária de camarões e peixes nobres. Famoso pelo rodízio de camarão e ambiente familiar climatizado.","Av. Almirante Tamandaré, 850 - Tambaú, João Pessoa - PB",-7.1122,-34.8219,"Diariamente, 11:30 - 23:00",3,4.6,False,https://upload.wikimedia.org/wikipedia/commons/d/df/Camar%C3%A3o_alho_e_%C3%B3leo.jpg|https://upload.wikimedia.org/wikipedia/commons/2/27/Praia_de_Tambau_-_Joao_Pessoa_-_Paraiba.jpg,Rodízio de camarão renomado|Frutos do mar selecionados|Localização privilegiada na orla
910cb0f2-8a23-51f2-ac80-3e78852133a9,Gulliver Mar,Gastronomia,Restaurante sofisticado com culinária contemporânea e vista do mar.,"Restaurante de alta gastronomia localizado na orla de Cabo Branco. Seu menu é assinado com foco em frutos do mar e carnes nobres grelhadas, servidos em um salão requintado com vista ampla para a praia.","Av. Cabo Branco, 5160 - Cabo Branco, João Pessoa - PB",-7.1283,-34.8194,"Diariamente, 12:00 - 23:30",4,4.8,False,https://upload.wikimedia.org/wikipedia/commons/3/30/Moqueca_capixaba.jpg|https://upload.wikimedia.org/wikipedia/commons/9/90/Praia_de_Cabo_Branco_Joao_Pessoa.jpg,Alta gastronomia contemporânea|Vista espetacular da praia|Adega de vinhos selecionados
914699a2-dee7-5551-b50e-efbd9f3780c5,Restaurante NAU Frutos do Mar,Gastronomia,Premiado restaurante de frutos do mar com arquitetura moderna.,"Parte de renomado grupo paraibano, o NAU destaca-se pelo design arquitetônico moderno e pratos requintados à base de camarões, peixes e lagostas, preparados com ingredientes regionais sofisticados.","R. Lupércio Branco, 755 - Manaíra, João Pessoa - PB",-7.1089,-34.8339,"Diariamente, 12:00 - 23:00",4,4.9,True,https://upload.wikimedia.org/wikipedia/commons/d/df/Camar%C3%A3o_alho_e_%C3%B3leo.jpg|https://upload.wikimedia.org/wikipedia/commons/3/30/Moqueca_capixaba.jpg,Pratos premiados de frutos do mar|Projeto de arquitetura premiado|Ambiente requintado e sofisticado
ed8f4f78-dc81-5112-8c94-0119c1e4a63e,Orama Rooftop,Gastronomia,Restaurante e bar contemporâneo localizado no topo da orla.,Restaurante sofisticado localizado no rooftop de hotel na orla de Cabo Branco. Oferece drinques autorais exclusivos e culinária contemporânea com vista aérea privilegiada para o mar de Jampa.,"Av. Cabo Branco, 2870 - Cabo Branco, João Pessoa - PB",-7.1264,-34.8197,"Diariamente, 12:00 - 00:00",4,4.7,False,https://upload.wikimedia.org/wikipedia/commons/1/1d/Orla_de_Joao_Pessoa_vista_do_alto.jpg|https://upload.wikimedia.org/wikipedia/commons/9/90/Praia_de_Cabo_Branco_Joao_Pessoa.jpg,Rooftop com vista panorâmica do mar|Drinques autorais exclusivos|Culinária autoral moderna
d29205f7-803d-546f-9a7d-981c3200a99c,Quintal do Cuscuz,Gastronomia,Restaurante aconchegante com receitas típicas no Bessa.,"Charmoso restaurante de culinária nordestina contemporânea localizado no Bessa. É famoso pelos cuscuzes recheados gourmets, carnes de sol e petiscos regionais servidos em ambiente agradável.","Bessa, João Pessoa - PB",-7.0833,-34.8294,"Terça a Domingo, 16:00 - 23:30",2,4.6,False,https://upload.wikimedia.org/wikipedia/commons/8/82/Cuscuz_nordestino_com_ovo.jpg|https://upload.wikimedia.org/wikipedia/commons/9/91/Cuscuz_nordestino_com_manteiga.jpg,Cuscuz gourmet recheado|Ambiente de quintal aconchegante|Preço muito acessível
f4868eee-03a7-5888-b2f1-c05ab703fb87,Boteco Cabo Branco,Gastronomia,Tradicional bar com petiscos regionalistas na orla de Cabo Branco.,"Boteco clássico à beira-mar de Cabo Branco, muito procurado nos fins de tarde para chopp gelado, espetinhos, caldinhos tradicionais e petiscos de carne de sol com queijo coalho.","Av. Cabo Branco, 2500 - Cabo Branco, João Pessoa - PB",-7.1211,-34.8211,"Diariamente, 11:00 - 00:00",2,4.5,False,https://upload.wikimedia.org/wikipedia/commons/f/fb/Bai%C3%A3o_de_dois_e_carne_de_sol.jpg|https://upload.wikimedia.org/wikipedia/commons/9/90/Praia_de_Cabo_Branco_Joao_Pessoa.jpg,Chopp gelado de frente para o mar|Petiscos de boteco nordestino|Visual animado nos fins de semana
04399799-172a-53b6-8f05-88e51ee4c30e,Praiano Bar,Gastronomia,Bar de praia contemporâneo localizado no coração de Tambaú.,"Bar de praia descontraído com mesas na areia e no calçadão de Tambaú. Serve drinques tropicais, peixes fritos e petiscos ao som de bandas locais de pop, reggae e MPB.","Calçadão de Tambaú, João Pessoa - PB",-7.1178,-34.8222,"Diariamente, 10:00 - 23:00",2,4.4,False,https://upload.wikimedia.org/wikipedia/commons/2/27/Praia_de_Tambau_-_Joao_Pessoa_-_Paraiba.jpg|https://upload.wikimedia.org/wikipedia/commons/f/fb/Praia_de_Tambau.jpg,Música ao vivo na areia|Drinques tropicais refrescantes|Localizado no polo de Tambaú
19d11869-6c07-5eb2-b483-be47fb6b9dcb,Lovina Ponta de Campina,Lazer,Lounge bar pé na areia com visual requintado em Cabedelo.,"Lounge bar à beira-mar na paradisíaca praia de Ponta de Campina. Oferece espreguiçadeiras, drinques e pratos de frutos do mar com ótima trilha sonora em ambiente relaxante.","Ponta de Campina, Cabedelo - PB",-7.0261,-34.8294,"Diariamente, 09:00 - 18:00",3,4.6,False,https://upload.wikimedia.org/wikipedia/commons/8/86/Ponta_de_Campina_Cabedelo.jpg|https://upload.wikimedia.org/wikipedia/commons/6/69/Praia_de_Camboinha_Cabedelo.jpg,Espreguiçadeiras beira-mar|Mar de águas mornas e calmas|Ótima trilha sonora lounge
8b5ff7f4-526c-55ea-ac4e-e28066886de8,Shopping Manaíra,Compras,O maior centro de compras e lazer do estado da Paraíba.,"O maior shopping center de João Pessoa, com centenas de lojas nacionais e internacionais, ampla praça de alimentação, salas de cinema de última geração e espaço de diversão familiar.","Av. Flávio Ribeiro Coutinho, 805 - Manaíra, João Pessoa - PB",-7.1056,-34.8411,"Segunda a Sábado, 10:00 - 22:00; Domingo, 12:00 - 22:00",3,4.5,False,https://upload.wikimedia.org/wikipedia/commons/1/1d/Orla_de_Joao_Pessoa_vista_do_alto.jpg|https://upload.wikimedia.org/wikipedia/commons/f/fe/Praia_de_Manaira_Joao_Pessoa.jpg,O maior shopping da Paraíba|Cinemas de última geração|Ampla gama de lojas e restaurantes
0b792314-771e-54dd-a914-cc08479f7b66,Shopping Mangabeira,Compras,Moderno shopping center localizado no Litoral Sul da cidade.,"Moderno centro de compras do bairro de Mangabeira, inaugurado em 2014. Oferece dezenas de lojas, boliche de última geração, praça de alimentação com ótimas opções e espaço infantil.","Av. Hilton Souto Maior, s/n - Mangabeira, João Pessoa - PB",-7.1644,-34.8436,"Segunda a Sábado, 10:00 - 22:00; Domingo, 12:00 - 22:00",3,4.6,False,https://upload.wikimedia.org/wikipedia/commons/c/cc/Lagoa_Jampa.jpg|https://upload.wikimedia.org/wikipedia/commons/1/1d/Orla_de_Joao_Pessoa_vista_do_alto.jpg,Boliche moderno e completo|Fácil acesso no Litoral Sul|Grande diversidade comercial
74fb80c0-8bc2-5fb0-8638-ebc2014a860f,Centro de Turismo de Tambaú,Compras,Galeria coberta de artesanato e agências na orla de Tambaú.,"Importante galeria turística na orla de Tambaú. Reúne dezenas de boxes de artesanato local, lojas de roupas e agências de viagens que vendem passeios de buggy e catamarãs.","Av. Almirante Tamandaré - Tambaú, João Pessoa - PB",-7.1147,-34.8236,"Diariamente, 09:00 - 21:00",2,4.4,False,https://upload.wikimedia.org/wikipedia/commons/3/30/Crafts_in_Jo%C3%A3o_Pessoa.jpg|https://upload.wikimedia.org/wikipedia/commons/c/cd/Feirinha_Tamba%C3%BA_Jampa.jpg,Agências de passeios integradas|Galeria coberta e confortável|Artesanato e moda praia
d30c00dd-9638-55f9-8bfd-c9aa448df85d,Mercado Público da Torre,Compras,"Tradicional mercado de frutas, temperos e comidas de bairro.","Tradicional mercado do bairro da Torre, muito frequentado pelos moradores. É famoso pelas barracas de frutas frescas e regionais, temperos nordestinos e pequenos boxes de comidas típicas.","Av. Barão de Mamanguape - Torre, João Pessoa - PB",-7.1294,-34.8522,"Diariamente, 06:00 - 17:00",1,4.2,False,https://upload.wikimedia.org/wikipedia/commons/0/07/Mercado_p%C3%BAblico_de_produtos.jpg|https://upload.wikimedia.org/wikipedia/commons/3/30/Crafts_in_Jo%C3%A3o_Pessoa.jpg,Frutas tropicais frescas|Temperos do Nordeste|Preços populares
785c92bd-4b96-559f-9738-5f9b4c6dfa4f,Mercado Público de Tambaú,Compras,Mercado popular de frutas e itens gerais no centro de Tambaú.,"Mercado público que atende à comunidade e turistas da região de Tambaú, com bancas de frutas frescas, castanhas e pequenos boxes comerciais populares.","R. Gen. Edson Ramalho - Tambaú, João Pessoa - PB",-7.1175,-34.8283,"Diariamente, 06:00 - 18:00",1,4.2,False,https://upload.wikimedia.org/wikipedia/commons/0/07/Mercado_p%C3%BAblico_de_produtos.jpg|https://upload.wikimedia.org/wikipedia/commons/c/cd/Feirinha_Tamba%C3%BA_Jampa.jpg,Venda de castanhas de caju|Frutas frescas locais|Localização central no bairro
97d0dc3a-dc64-5cd3-a05b-69dd0bff784d,Galeria de Artesanato da orla,Compras,Pequena e agradável feira de artesanato na orla de Cabo Branco.,"Espaço coberto e charmoso com boxes de artesãos da orla, vendendo rendas, bijuterias em sementes de coco e lembranças personalizadas da Paraíba.","Av. Cabo Branco - Cabo Branco, João Pessoa - PB",-7.1244,-34.8197,"Diariamente, 16:00 - 22:30",2,4.4,False,https://upload.wikimedia.org/wikipedia/commons/3/30/Crafts_in_Jo%C3%A3o_Pessoa.jpg|https://upload.wikimedia.org/wikipedia/commons/c/cd/Feirinha_Tamba%C3%BA_Jampa.jpg,Artesanato e lembranças|Ambiente agradável na orla|Ótimo passeio no fim de tarde
d18b380f-6c70-5ad1-8cfb-20d1e3570ff3,Sereia de Carapibus,Natureza,Histórica estátua de sereia nas piscinas naturais de Carapibus.,"Histórico monumento de sereia fixado sobre arrecifes em frente à praia de Carapibus. Fica totalmente acessível a pé durante as marés baixas, formando um belo ponto para fotos.","Recifes de Carapibus, Conde - PB",-7.2891,-34.8094,Varia de acordo com a maré baixa (Consulte a tábua de marés),1,4.6,False,https://upload.wikimedia.org/wikipedia/commons/a/ad/Praia_de_Carapibus_Conde.jpg|https://upload.wikimedia.org/wikipedia/commons/8/8a/Praia_do_Amor_Conde_PB.jpg,Estátua histórica da sereia|Acessível na maré baixa|Belíssimo local para fotos
f61ed2a3-d02d-5e31-a1b3-1fb79e626361,Ponta do Seixas,Natureza,O extremo oriental absoluto do continente sul-americano.,"A ponta do Seixas é o ponto mais oriental do continente americano e consequentemente da parte continental do Brasil. Localiza-se a leste da cidade de João Pessoa, capital do estado da Paraíba, a quatorze quilômetros do centro da cidade e a três quilômetros ao sul do bairro de Cabo Branco.
Ao lado da ponta do Seixas, sobre uma falésia constantemente erodida pelas ondas, assenta-se o farol do Cabo B...","Ponta do Seixas, João Pessoa - PB",-7.1491,-34.7936,24h (Espaço Público),1,4.7,False,https://upload.wikimedia.org/wikipedia/commons/d/d1/Ponta_do_Seixas_Jamp.jpg|https://upload.wikimedia.org/wikipedia/commons/2/21/Piscinas_Naturais_do_Seixas.jpg|https://upload.wikimedia.org/wikipedia/commons/9/93/Ponta_do_Seixas_Jo%C3%A3o_Pessoa.jpg,Extremo oriental continental|Visual geográfico icônico|Águas calmas e mornas
8697067a-31bf-51f6-8e33-ad71f5e67617,Mirante de Tambaba,Natureza,Espetacular mirante natural no topo do cânion de Tambaba.,Localizado sobre as altas falésias que cercam a praia de Tambaba. Proporciona vista panorâmica única e selvagem da enseada naturista e do oceano Atlântico.,"Acesso via praia de Tambaba, Conde - PB",-7.3622,-34.7969,24h (Espaço Público),1,4.8,False,https://upload.wikimedia.org/wikipedia/commons/b/b8/Praia_de_Tambaba_Conde_PB.jpg|https://upload.wikimedia.org/wikipedia/commons/e/eb/Tambaba_W-9167_03.jpg,Vista aérea de Tambaba|Visual das falésias selvagens|Ponto fotográfico imperdível
4a7b59d9-b217-52bf-bb9b-a01d0abbfe6e,Paróquia Santo Antônio de Pádua,Histórico,Charmosa igreja histórica no bairro de Tambaú.,"Paróquia acolhedora localizada no bairro residencial de Tambaú, de arquitetura clássica. É muito querida pelos paroquianos e sedia festividades tradicionais do padroeiro.","R. Dep. José Mariz - Tambaú, João Pessoa - PB",-7.1128,-34.8291,"Diariamente, 08:00 - 18:00",1,4.6,False,https://upload.wikimedia.org/wikipedia/commons/d/d1/Catedral_Nossa_Senhora_das_Neves.jpg|https://upload.wikimedia.org/wikipedia/commons/e/e4/Centro_Hist%C3%B3rico_de_Jo%C3%A3o_Pessoa.jpg,Comunidade ativa local|Missa tradicional de Santo Antônio|Ambiente muito acolhedor
9dc707d5-2428-51f8-8f80-ccbd17f5c68a,Igreja Nossa Senhora do Rosário,Histórico,Uma das igrejas históricas do centro da cidade.,"Igreja erguida no centro de João Pessoa, dedicada à Nossa Senhora do Rosário. Apresenta arquitetura antiga e pinturas religiosas de valor histórico local.","R. do Rosário - Centro, João Pessoa - PB",-7.1161,-34.8856,"Segunda a Sexta, 08:00 - 12:00",1,4.5,False,https://upload.wikimedia.org/wikipedia/commons/c/cd/Igreja_da_Misericordia_Joao_Pessoa.jpg|https://upload.wikimedia.org/wikipedia/commons/e/e4/Centro_Hist%C3%B3rico_de_Jo%C3%A3o_Pessoa.jpg,Arquitetura religiosa colonial|Sombreada praça em frente|Patrimônio cultural local
28305ac4-0e1a-55e5-8f65-40e5f9f7fbde,Igreja de São Bento,Histórico,Histórica igreja que integra o conjunto beneditino no Centro.,Igreja de São Bento pode referir-se a:,"R. de São Bento - Centro, João Pessoa - PB",-7.1128,-34.8872,"Segunda a Sexta, 08:00 - 12:00",1,4.6,False,https://upload.wikimedia.org/wikipedia/commons/c/c4/Igreja_de_Sao_Bento_Joao_Pessoa.jpg|https://upload.wikimedia.org/wikipedia/commons/6/6f/Varadouro_J_Pessoa_P_B.jpg,Integrada ao Mosteiro|Construção do século XVII|Lindo coreto na praça lateral
50f3c00d-702d-549a-acd4-1880aa18326c,Igreja de São Francisco,Histórico,A monumental igreja barroca do centro histórico da cidade.,"Igreja de São Francisco ou Catedral de São Francisco pode referir-se a:
Igreja e Convento de São Francisco (La Paz) — na Bolívia
Igreja de São Francisco (Cochim) — na Índia
Igreja de São Francisco a Ripa — em Roma, Itália","Praça São Francisco - Centro, João Pessoa - PB",-7.1128,-34.8858,"Terça a Domingo, 09:00 - 16:00",2,4.9,False,https://upload.wikimedia.org/wikipedia/commons/e/e4/JoaoPessoa_ConventoSaoFrancisco.JPG|https://upload.wikimedia.org/wikipedia/commons/6/67/Igreja_de_S%C3%A3o_Francisco%2C_Jo%C3%A3o_Pessoa%2C_PB.jpg,Teto pintado em perspectiva|Portal de cantaria barroco monumental|Painéis históricos de azulejos
75beee9d-e75a-50a7-ac1a-9573bae99f12,Parque Ecológico Bosque dos Sonhos,Natureza,Área de lazer e mirantes nas falésias da Ponta do Seixas.,"Parque privado de conservação e turismo localizado nas falésias de Cabo Branco. Oferece mirante com vista da praia, lojas de artesanato rústicas e trilhas leves.","Av. Cabo Branco - Cabo Branco, João Pessoa - PB",-7.1486,-34.7969,"Diariamente, 08:00 - 18:00",1,4.5,False,https://upload.wikimedia.org/wikipedia/commons/c/c9/Farol_Cabo_Branco_Jampa.jpg|https://upload.wikimedia.org/wikipedia/commons/e/eb/Joao_Pessoa_Paraiba_Farol_do_Cabo_Branco2.jpg,Mirantes de madeira rústicos|Trilhas em mata nativa|Artesanato e comidas locais
79c1b728-2a63-59c9-aac2-95067a43858e,Canyon do Coqueirinho,Natureza,Formação de desfiladeiro de argila colorida no Conde.,"Raro cânion formado pela erosão fluvial e pluvial sobre falésias de argilas multicoloridas na praia de Coqueirinho, cercado por exuberante vegetação tropical.","Acesso via praia de Coqueirinho, Conde - PB",-7.3244,-34.8147,24h (Espaço Público),1,4.8,False,https://upload.wikimedia.org/wikipedia/commons/c/cb/Canyon_de_Coqueirinho_Conde.jpg|https://upload.wikimedia.org/wikipedia/commons/0/02/Praia_de_Coqueirinho_-_Paraiba.jpg,Cânions multicoloridos argilosos|Caminho ecológico preservado|Visual fotográfico deslumbrante
9f7ae853-d798-513c-9590-0b0a0c2c9111,Castelo da Princesa,Natureza,Bela formação rochosa esculpida nas falésias de Coqueirinho.,Conjunto de falésias esculpidas pelo vento e pela chuva que se assemelham às torres de um castelo medieval. É um dos marcos geológicos mais fotografados do Conde.,"Coqueirinho, Conde - PB",-7.3272,-34.8169,24h (Espaço Público),1,4.7,False,https://upload.wikimedia.org/wikipedia/commons/a/a2/Praia_de_Lucena_PB.jpg|https://upload.wikimedia.org/wikipedia/commons/9/97/Capela_de_Nossa_Senhora_da_Guia_%281RC_7922%29.jpg,Formação de castelo medieval|Argilas multicoloridas|Acessível por trilhas guiadas
01fce5ce-94f2-5c59-b070-55206490dc08,Mirante Sky Beach,Lazer,Point de contemplação da orla com bar e música ao vivo.,"Lounge e bar localizado em ponto alto de Cabo Branco, propiciando excelente vista do pôr do sol e da praia, regado a drinques e música ao vivo nos fins de tarde.","Cabo Branco, João Pessoa - PB",-7.1361,-34.8089,"Quarta a Domingo, 16:00 - 23:00",3,4.6,False,https://upload.wikimedia.org/wikipedia/commons/9/90/Praia_de_Cabo_Branco_Joao_Pessoa.jpg|https://upload.wikimedia.org/wikipedia/commons/1/1d/Orla_de_Joao_Pessoa_vista_do_alto.jpg,Visual panorâmico do mar|Música ao vivo e Djs|Drinques tropicais autorais
fa3d676c-6bb2-5ea9-87dc-fed4ab3bdff5,Parque Três Ruas,Natureza,Parque linear recém-inaugurado no bairro dos Bancários.,"Área verde urbana requalificada com amplas pistas de caminhada, ciclovias sinalizadas, praça de alimentação com quiosques móveis e áreas de convívio familiar.","Bancários, João Pessoa - PB",-7.1528,-34.8394,24h (Espaço Público),1,4.6,False,https://upload.wikimedia.org/wikipedia/commons/1/1d/Orla_de_Joao_Pessoa_vista_do_alto.jpg|https://upload.wikimedia.org/wikipedia/commons/9/90/Praia_de_Cabo_Branco_Joao_Pessoa.jpg,Pistas de corrida e cooper|Áreas verdes para convivência|Playgrounds ecológicos de madeira
efe31bee-c68c-547d-aeee-10b4a10b232f,Centro Turístico de Tambaú,Compras,Mercado coberto de artesanato e agências de turismo na orla.,"Galeria comercial que concentra boxes de venda de artesanato paraibano, rendas, camisetas e lembranças de João Pessoa, além de balcões de operadoras turísticas locais.","Av. Almirante Tamandaré - Tambaú, João Pessoa - PB",-7.1145,-34.8239,"Diariamente, 09:00 - 21:00",2,4.4,False,https://upload.wikimedia.org/wikipedia/commons/3/30/Crafts_in_Jo%C3%A3o_Pessoa.jpg|https://upload.wikimedia.org/wikipedia/commons/c/cd/Feirinha_Tamba%C3%BA_Jampa.jpg,Central de passeios turísticos|Boxes de artesanato diversificados|Localizado em frente ao hotel Tambaú
f1acc26d-a7f8-55f4-95b9-778e9cd91af1,Mercado de Artesanato de Tambaú,Compras,Destaque comercial de artesanato na orla central de Tambaú.,"Ponto de comércio de suvenires tradicionais de João Pessoa, oferecendo lembrancinhas de argila, rendas de bilro, panos de prato decorados e cachaças da Paraíba.","Av. Almirante Tamandaré - Tambaú, João Pessoa - PB",-7.1147,-34.8231,"Diariamente, 10:00 - 22:00",2,4.5,False,https://upload.wikimedia.org/wikipedia/commons/3/30/Crafts_in_Jo%C3%A3o_Pessoa.jpg|https://upload.wikimedia.org/wikipedia/commons/c/cd/Feirinha_Tamba%C3%BA_Jampa.jpg,Localizado no polo hoteleiro|Variedade de doces típicos|Artesanato regional completo
5c706a39-199c-5650-9a85-2ada8afb1083,Estação das Artes,Cultura,Prédio anexo da Estação Cabo Branco com galerias expositivas.,"Prédio integrado ao complexo projetado por Oscar Niemeyer, focado em receber exposições artísticas de artes visuais, oficinas educativas e apresentações de dança e teatro.","Av. João Cirilo da Silva - Altiplano, João Pessoa - PB",-7.1469,-34.8019,"Terça a Domingo, 09:00 - 18:00",1,4.6,False,https://upload.wikimedia.org/wikipedia/commons/1/1d/Estacao_Cabo_Branco_2.jpg|https://upload.wikimedia.org/wikipedia/commons/4/4b/Esta%C3%A7%C3%A3o_Cabo_Branco.jpg,Galeria de artes visuais moderna|Integrado ao complexo Niemeyer|Entrada gratuita
